Metric,Value
MSE,0.000891012707013897
RMSE,0.029849835962931136
MAE,0.025905503535817283
