Metric,Value
MSE,0.0022300369723924863
RMSE,0.04722326727782065
MAE,0.03853865239812556
