Metric,Value
MSE,0.0003731583099302182
RMSE,0.01931730596978311
MAE,0.012337636064297806
