Metric,Value
MSE,0.0009626304896743271
RMSE,0.03102628707522586
MAE,0.027022828446613717
