Metric,Value
MSE,0.0003631305877004229
RMSE,0.019055985613460745
MAE,0.016632555484606813
